{"RT_MAPE": {"Simulatore": [96.92760839173411, 17.742257748534975, 13.366561975983208, 97.21133669802708, 18.44861231482533, 96.98798265724399, 96.75583400308591, 91.98409252653899], "ML_Sintetico": [97.47857516312301, 41.06297913747932, 36.53794976910879, 97.5737763790961, 46.60507822653924, 96.84734353482729, 96.80766268881331, 92.38357829555873], "FT_2pt": [95.37330785499465, 16.226666136082287, 23.806650757142133, 95.58741600475174, 11.086840540304538, 93.83148080243136, 94.27378198110178, 90.79525354566101], "FT_4pt": [71.50812544694536, 639.9658971901603, 679.3262295612491, 73.89987269468493, 616.2899900374592, 72.72490983408925, 68.50074228211926, 75.42016957799001], "FT_7pt": [61.48299861204864, 902.6821851753972, 959.7656828989481, 64.66402263598972, 875.2142622009516, 62.79146087901961, 57.93091514910399, 65.57261378195014], "FT_9pt": [62.92186105780761, 841.0544660614045, 895.153988081845, 65.78479760392293, 803.8691440148532, 63.60466806588858, 57.96731859002719, 66.39529862011129], "FT_12pt": [70.36762092681181, 653.1502519635538, 694.2828030754827, 72.8052646265654, 627.6649652228785, 69.30839898310084, 65.63180114380746, 71.79867219442501]}, "U_RMSE": {"Simulatore": [0.960527652796823, 0.038748298856223815, 0.03484660633784733, 0.9967869414874315, 0.055705064340999255, 0.9598578603048222, 0.988957135936355, 0.46128622573872724], "ML_Sintetico": [0.9615284141142706, 0.03908679799852855, 0.03525495572526847, 1.0, 0.05613127617121363, 0.9428230484946465, 0.9837629328887122, 0.49711431949237717], "FT_2pt": [0.856942451707748, 0.05042560442089682, 0.056357557025185245, 0.877069462441483, 0.030011616611997322, 0.7097848860182918, 0.8268776594417703, 0.38312803794181627], "FT_4pt": [0.4998819741082937, 0.34668541075361836, 0.3604410371050908, 0.495042448349891, 0.29502284649129756, 0.1940971612055577, 0.35295986825053194, 0.13985692020328622], "FT_7pt": [0.5610824715181842, 0.2787442618324643, 0.29444115777739005, 0.5522477776510437, 0.22425411832857964, 0.1796115000469357, 0.41110404123783545, 0.1150679502164005], "FT_9pt": [0.5583477383367877, 0.2339383638699091, 0.24677728822356684, 0.5411087483600397, 0.15452013730611242, 0.1588500414207106, 0.32929243937745234, 0.11405041835515932], "FT_12pt": [0.6193300603226193, 0.19177152647308693, 0.19733893592802892, 0.6268623159477772, 0.13114423228803188, 0.17513640521440743, 0.3943277100030924, 0.11072766113182707]}}