{"RT_MAPE": {"Simulatore": [95.36953148120953, 21.74348606599703, 14.879871140969358, 90.84107527206902, 21.603069630483272, 94.07710242884447, 93.94919173000204, 87.3247168454199], "ML_Sintetico": [95.75272837827909, 35.61590611736884, 29.029225181013512, 91.09648821949588, 40.12511192164778, 92.93862905172107, 93.28356978017202, 89.45126761982381], "FT_2pt": [93.56761703889471, 3.513095423436018, 11.698758392117847, 86.7863830144236, 5.857291988620159, 89.74937370158845, 90.0949617830882, 87.64375083848243], "FT_4pt": [72.40738397405924, 360.60171079327023, 400.95640235271986, 44.32148994289659, 352.82348170599886, 65.52190254224259, 62.64001100419728, 71.21475207035895], "FT_7pt": [62.37424539975043, 533.1300264527914, 585.5861996777162, 24.48681128031575, 523.1678921202115, 53.487382768007365, 49.191673754053916, 59.60188101978955], "FT_9pt": [59.963514911671155, 577.2274804322891, 632.5827104927407, 19.908193092095008, 568.1334268489569, 51.32916582324733, 46.406748044829634, 58.65287812885308], "FT_12pt": [64.42767085627027, 502.04471189672995, 551.3145710817329, 28.829959555154176, 494.06771168267613, 56.7774700254346, 52.38720508123351, 63.92280814637735]}, "U_RMSE": {"Simulatore": [0.991573997505128, 0.05022900419592494, 0.03882758812165333, 0.7414498408294218, 0.06432847751311974, 0.9562353213183098, 0.9879174863933783, 0.5792139033783912], "ML_Sintetico": [0.9838664616990188, 0.050562677561022375, 0.037769678270170706, 0.724227735625285, 0.06477346564645012, 0.8894240264630923, 0.9498181884904026, 0.659938626344165], "FT_2pt": [0.898673112067889, 0.023239083128532664, 0.033240347944885944, 0.6375073269498011, 0.017486079619300425, 0.7640419259632869, 0.8360383676089521, 0.5908053310699442], "FT_4pt": [0.5523348799163413, 0.3298084732826711, 0.3457539674225195, 0.27230517728372833, 0.28209858379819147, 0.3154531964048949, 0.4332759899944363, 0.23686988397157357], "FT_7pt": [0.5705679592791615, 0.304626658447671, 0.32073446582072934, 0.288775719601194, 0.25352478487586616, 0.3093181081334381, 0.43870936262976373, 0.19523893332005768], "FT_9pt": [0.5569029692548044, 0.3179082401660873, 0.3340081901554257, 0.27467041156647515, 0.2665312962924788, 0.2952888218193255, 0.42469758927836665, 0.20155062814053862], "FT_12pt": [0.5121002542065818, 0.3725615710189034, 0.38837449484770237, 0.23319983165804814, 0.3261166212504248, 0.28361030827064576, 0.397259187162632, 0.21711775295940536]}}