{"RT_MAPE": {"Simulatore": [18.09499903299951, 5.072735571087495, 18.20682751747342, 5.072735571087495, 18.20682751747342], "ML_Sintetico": [1277.3233767598867, 1211.1051258113648, 1290.2001686394215, 1206.4070794317458, 1295.8710849285126], "FT_1pt": [78.77137288451195, 38.68799346188705, 59.829313633963466, 42.23027887443702, 56.45198291167617], "FT_2pt": [10238.213667273521, 9073.462788263958, 10229.192504286766, 9071.396493911743, 10230.035537481308], "FT_3pt": [9508.41178894043, 8417.919646369088, 9496.03376686573, 8415.904678238763, 9496.707299351692], "FT_4pt": [7532.004842162132, 6652.2582080629145, 7517.728412151337, 6648.921672503154, 7517.950811982155], "FT_5pt": [6929.007747769356, 6109.449635611641, 6912.263312935829, 6107.862165239123, 6912.06661760807]}, "U_RMSE": {"Simulatore": [0.055588203497194635, 0.04392061796576761, 0.03892477876827054, 0.04725979299680713, 0.0629614649827368], "ML_Sintetico": [0.5759691694162896, 0.6194102024821417, 0.6003866773815126, 0.6174779889178583, 0.5775199556040741], "FT_1pt": [0.034232238086075194, 0.02173011435812765, 0.014068638413921364, 0.008121165284130915, 0.03400584752798429], "FT_2pt": [0.4628029402647621, 0.4188034331234566, 0.4382541109941233, 0.4207957189483954, 0.46123114696089096], "FT_3pt": [0.34689074618310106, 0.30021103038830893, 0.3213053901723075, 0.30232684570988955, 0.3441393609692578], "FT_4pt": [0.26776460847999783, 0.22309005973845486, 0.2429877958592573, 0.22512616135116365, 0.2658760620729728], "FT_5pt": [0.23857954559257888, 0.19205554577000364, 0.2131370613858387, 0.19397504610255764, 0.23594223184825674]}}