{"RT_MAPE": {"Simulatore": [34.6228329278263, 7.9964923721928916, 8.955403239983765, 29.636290386022306, 29.464852037382556, 8.67528655415908, 28.334820903589993, 16.17726165771782, 40.34338937869723, 7.729793405422095], "ML_Sintetico": [42.25524169449283, 35.93085638941677, 44.100502624486474, 35.60660385071208, 42.46974396530258, 43.558481967761736, 47.20125488587859, 34.77679026997153, 54.9220718639305, 39.321281477513345], "FT_3pt": [12.89478332285535, 12.712041271792582, 0.9958846374981284, 25.137834182679132, 2.2135717429012174, 3.003533552412381, 41.21613740703044, 12.877919934812814, 1.6562966895151192, 8.121995917818657], "FT_6pt": [7.099543810325818, 17.423315017368186, 0.5642568804742812, 11.889227306443852, 8.804825299155308, 2.5797091557538168, 9.046192122201562, 19.59837928106562, 2.387764094909335, 11.439520415993945], "FT_9pt": [4.4122275904927015, 3.8256110392128035, 5.901840394258027, 10.098857664739413, 0.5120161918978173, 3.257059715118274, 7.307908943443016, 5.227304381461861, 2.1640586195662324, 1.7130605503342347], "FT_12pt": [2.1055788736045393, 10.05973116406301, 2.6686801175105486, 17.418942519017374, 2.3953779211812165, 5.2986011195312965, 3.220817578531022, 10.349772503175373, 1.5448334906985115, 9.427628708317512], "FT_15pt": [5.9715766522461875, 13.326691806789666, 7.2701531715696, 6.964381459516547, 2.3144783791771784, 9.045885620295877, 7.877022176853847, 12.58402580538564, 5.46575847618147, 11.348935176481428]}, "U_RMSE": {"Simulatore": [0.0003934866403854098, 0.007518887938408936, 0.015081474527953498, 0.03219153846153844, 0.004400080321285138, 0.012517412587412569, 0.1576555214723927, 0.005227800729040055, 0.007182756183745642, 0.009333684210526272], "ML_Sintetico": [0.014997486007145677, 0.004516964799017864, 0.0016817902073715807, 0.04019800057777989, 0.00880086589529816, 0.0030987417781269677, 0.16692936457007945, 0.006540985472436978, 0.015160801975128924, 0.0040081115772849785], "FT_3pt": [0.056954916584559645, 0.000287884825615925, 0.005113854552760255, 0.07459488281836879, 0.00219303537085358, 0.0032630407726848, 0.01748961246818126, 0.0010055617167912256, 0.001554068954589094, 0.001305225271927668], "FT_6pt": [0.0590723715902054, 0.00025934541806693634, 0.0025720740809584974, 0.06739607224097621, 0.0008024590082437166, 0.001325353375681626, 0.02141213453620494, 0.0007390097453556788, 0.0026538342553398264, 0.00036794223283465044], "FT_9pt": [0.060644563305445875, 0.0009636935053777274, 0.0028909589305068373, 0.07067641386618984, 0.0021699683733255037, 0.001524015656718003, 0.014291525252757675, 0.002171666987176968, 0.0036277741509697092, 3.7434477555109424e-05], "FT_12pt": [0.059303458797999586, 0.002804165726752239, 0.004005775307164061, 0.06584378847709071, 0.00037127900793854085, 0.004061058768025649, 0.0215849284014088, 0.0018363312556706202, 0.006129083068968977, 0.0031880708744651542], "FT_15pt": [0.013736959564753737, 0.0023468676747370187, 0.0020531867489670397, 0.001194504591134904, 0.001613853686305844, 0.0016329443538105615, 0.09459954536765636, 0.002020327679876255, 0.0003892749863884104, 0.000497582335221125]}}