{"RT_MAPE": {"Simulatore": [102.917580463291, 129.29994597872815, 706.3701997753626, 80.89754060032483, 518.1889911042905], "ML_Sintetico": [1699.0129937689217, 1687.6236064320829, 1622.523751104141, 147.22353028650664, 1693.9182101795793], "FT_1pt": [396.8765231690321, 348.6738066279758, 357.93752075494365, 65.11087277413128, 381.90722586959095], "FT_2pt": [182.6880671216375, 157.01942062803374, 161.66926781264036, 75.15014382096444, 172.75250532504384], "FT_3pt": [140.17660299897162, 122.57508892785475, 125.04859822618288, 81.82683237031678, 136.9512389226187], "FT_4pt": [121.16431735491348, 104.3721895199365, 105.0384782154999, 80.87553413879881, 118.51449742354491], "FT_5pt": [274.9240363084552, 252.90078653119454, 246.4956857637119, 66.59300433954678, 272.8927861092891]}, "U_RMSE": {"Simulatore": [0.04181854024856645, 0.07889554113816805, 0.30739636941444615, 0.08918386103473973, 0.2128804439816209], "ML_Sintetico": [0.06371104897308903, 0.09467888232369832, 0.10173126249047251, 0.0784324281726802, 0.09045107926620806], "FT_1pt": [0.06367796454870306, 0.04754864424637219, 0.026702930786123943, 0.07914434678705508, 0.051250890447829954], "FT_2pt": [0.041239130961767206, 0.023691175496056826, 0.02807278416416579, 0.07051134181446705, 0.0262673945937228], "FT_3pt": [0.04603858565598174, 0.04379101411251468, 0.030599314876853866, 0.06818599011020011, 0.04446993522389545], "FT_4pt": [0.05008780051457852, 0.04379105793774511, 0.02341689188794491, 0.06479407429558845, 0.042426379976360305], "FT_5pt": [0.04625756097116627, 0.045356599982810275, 0.02310980926187333, 0.059733593407721684, 0.04369519899229326]}}